epoch,learning_rate,learning_rate_epoch,learning_rate_step,loss_epoch,loss_step,step,val_loss
,3.3826997144275698e-06,,,,,49,
0,,,3.3826997878350085e-06,,1.4721258878707886,49,
,5.668135724319528e-06,,,,,99,
0,,,5.66813559998991e-06,,1.1507740020751953,99,
,8.238308222019643e-06,,,,,149,
0,,,8.23830851004459e-06,,0.8320313692092896,149,
,9.835497975323108e-06,,,,,199,
0,,,9.835497621679679e-06,,0.5105758905410767,199,
,9.99999835362104e-06,,,,,249,
0,,,9.999997928389348e-06,,0.318577378988266,249,
,9.999987888043327e-06,,,,,299,
0,,,9.999987923947629e-06,,0.22575385868549347,299,
,9.999967767895224e-06,,,,,349,
0,,,9.99996791506419e-06,,0.14625976979732513,349,
,9.999937993217624e-06,,,,,399,
0,,,9.999937901739031e-06,,0.12506334483623505,399,
,9.999898564071046e-06,,,,,449,
0,,,9.999898793466855e-06,,0.10181114822626114,449,
,9.99984948053563e-06,,,,,499,
0,,,9.999849680752959e-06,,0.0868881568312645,499,
,9.99979074271114e-06,,,,,549,
0,,,9.999790563597344e-06,,0.07512744516134262,549,
,9.999722350716967e-06,,,,,599,
0,,,9.999722351494711e-06,,0.07053806632757187,599,
,9.999644304692119e-06,,,,,649,
0,,,9.999644134950358e-06,,0.05630063638091087,649,
,9.999556604795226e-06,,,,,699,
0,,,9.999556823458988e-06,,0.05574885755777359,699,
,9.999459251204547e-06,,,,,749,
0,,,9.999459507525899e-06,,0.050811152905225754,749,
,9.999352244117953e-06,,,,,799,
0,,,9.99935218715109e-06,,0.048053961247205734,799,
,9.999235583752942e-06,,,,,849,
0,,,9.999235771829262e-06,,0.04205089434981346,849,
,9.999109270346633e-06,,,,,899,
0,,,9.999109352065716e-06,,0.03945920243859291,899,
,9.998973304155763e-06,,,,,949,
0,,,9.99897292786045e-06,,0.04187970235943794,949,
,9.998827685456692e-06,,,,,999,
0,,,9.998827408708166e-06,,0.037689559161663055,999,
,9.998672414545392e-06,,,,,1049,
0,,,9.998672794608865e-06,,0.038357075303792953,1049,
,9.998507491737461e-06,,,,,1099,
0,,,9.998507266573142e-06,,0.03717227652668953,1099,
,9.998332917368112e-06,,,,,1149,
0,,,9.998332643590402e-06,,0.03498268872499466,1149,
,9.998148691792175e-06,,,,,1199,
0,,,9.998148925660644e-06,,0.03109683468937874,1199,
,9.997954815384097e-06,,,,,1249,
0,,,9.997955203289166e-06,,0.025976715609431267,1249,
,9.997751288537944e-06,,,,,1299,
0,,,9.997751476475969e-06,,0.02684844844043255,1299,
,9.997538111667389e-06,,,,,1349,
0,,,9.997537745221052e-06,,0.02820395864546299,1349,
,9.997315285205727e-06,,,,,1399,
0,,,9.997314919019118e-06,,0.026804545894265175,1399,
,9.99708280960586e-06,,,,,1449,
0,,,9.997082997870166e-06,,0.026844603940844536,1449,
,9.996840685340309e-06,,,,,1499,
0,,,9.996841072279494e-06,,0.026758497580885887,1499,
,9.996588912901201e-06,,,,,1549,
0,,,9.996589142247103e-06,,0.030866270884871483,1549,
,9.996327492800276e-06,,,,,1599,
0,,,9.996327207772993e-06,,0.022254470735788345,1599,
,9.996056425568882e-06,,,,,1649,
0,,,9.996056178351864e-06,,0.02364104427397251,1649,
,9.995775711757974e-06,,,,,1699,
0,,,9.995776053983718e-06,,0.024840867146849632,1699,
,9.995485351938117e-06,,,,,1749,
0,,,9.99548501567915e-06,,0.022369805723428726,1749,
,9.995185346699482e-06,,,,,1799,
0,,,9.995185791922268e-06,,0.01884894073009491,1799,
,9.994875696651842e-06,,,,,1849,
0,,,9.994875654228963e-06,,0.023194177076220512,1849,
,9.994556402424578e-06,,,,,1899,
0,,,9.99455642158864e-06,,0.023439086973667145,1899,
,9.994227464666666e-06,,,,,1949,
0,,,9.994227184506599e-06,,0.02265790104866028,1949,
,9.993888884046688e-06,,,,,1999,
0,,,9.99388885247754e-06,,0.021194586530327797,1999,
,9.99354066125283e-06,,,,,2049,
0,,,9.99354051600676e-06,,0.021403327584266663,2049,
,9.993182796992863e-06,,,,,2099,
0,,,9.993183084588964e-06,,0.019434448331594467,2099,
,9.992815291994168e-06,,,,,2149,
0,,,9.992815648729447e-06,,0.020535698160529137,2149,
,9.992438147003715e-06,,,,,2199,
0,,,9.992438208428212e-06,,0.01996760442852974,2199,
,9.992051362788068e-06,,,,,2249,
0,,,9.992051673179958e-06,,0.019412420690059662,2249,
,9.991654940133385e-06,,,,,2299,
0,,,9.991655133489985e-06,,0.019330719485878944,2299,
,9.991248879845411e-06,,,,,2349,
0,,,9.991248589358293e-06,,0.020052319392561913,2349,
,9.990833182749484e-06,,,,,2399,
0,,,9.990832950279582e-06,,0.019766736775636673,2399,
,9.99040784969053e-06,,,,,2449,
0,,,9.990408216253854e-06,,0.019005021080374718,2449,
,9.989972881533052e-06,,,,,2499,
0,,,9.989972568291705e-06,,0.017218103632330894,2499,
,9.98952827916115e-06,,,,,2549,
0,,,9.989527825382538e-06,,0.016589445993304253,2549,
,9.989074043478494e-06,,,,,2599,
0,,,9.989073987526353e-06,,0.01789971813559532,2599,
,9.98861017540834e-06,,,,,2649,
0,,,9.98861014522845e-06,,0.01644366793334484,2649,
,9.988136675893522e-06,,,,,2699,
0,,,9.988136298488826e-06,,0.017838524654507637,2699,
,9.987653545896448e-06,,,,,2749,
0,,,9.987653356802184e-06,,0.017778003588318825,2749,
,9.987160786399106e-06,,,,,2799,
0,,,9.987160410673823e-06,,0.0166001059114933,2799,
,9.98665839840305e-06,,,,,2849,
0,,,9.986658369598445e-06,,0.015920136123895645,2849,
,9.986146382929406e-06,,,,,2899,
0,,,9.986146324081346e-06,,0.017037702724337578,2899,
,9.98562474101887e-06,,,,,2949,
0,,,9.98562518361723e-06,,0.015552056021988392,2949,
,9.985093473731705e-06,,,,,2999,
0,,,9.985093129216693e-06,,0.014991119503974915,2999,
,9.984552582147735e-06,,,,,3049,
0,,,9.98455288936384e-06,,0.017147287726402283,3049,
,9.984002067366345e-06,,,,,3099,
0,,,9.984001735574566e-06,,0.017628375440835953,3099,
,9.983441930506486e-06,,,,,3149,
0,,,9.983441486838274e-06,,0.015058512799441814,3149,
,9.982872172706658e-06,,,,,3199,
0,,,9.982872143154964e-06,,0.016487034037709236,3199,
,9.982292795124924e-06,,,,,3249,
0,,,9.982292795029934e-06,,0.01797524467110634,3249,
,9.981703798938892e-06,,,,,3299,
0,,,9.981703442463186e-06,,0.015751926228404045,3299,
,9.981105185345727e-06,,,,,3349,
0,,,9.981104994949419e-06,,0.016076145693659782,3349,
,9.980496955562138e-06,,,,,3399,
0,,,9.980496542993933e-06,,0.015412069857120514,3399,
,9.97987911082438e-06,,,,,3449,
0,,,9.979878996091429e-06,,0.01788109354674816,3449,
,9.97925165238825e-06,,,,,3499,
0,,,9.979251444747206e-06,,0.017236802726984024,3499,
,9.978614581529089e-06,,,,,3549,
0,,,9.978614798455965e-06,,0.014869609847664833,3549,
,9.97796789954177e-06,,,,,3599,
0,,,9.977968147723004e-06,,0.015799596905708313,3599,
,9.977311607740705e-06,,,,,3649,
0,,,9.977311492548324e-06,,0.015168407931923866,3649,
,9.97664570745984e-06,,,,,3699,
0,,,9.976645742426626e-06,,0.016072044149041176,3699,
,9.975970200052645e-06,,,,,3749,
0,,,9.975969987863209e-06,,0.015165281482040882,3749,
,9.975285086892121e-06,,,,,3799,
0,,,9.975285138352774e-06,,0.01575554721057415,3799,
,9.974590369370792e-06,,,,,3849,
0,,,9.97459028440062e-06,,0.013545266352593899,3849,
,9.973886048900706e-06,,,,,3899,
0,,,9.973886335501447e-06,,0.014488214626908302,3899,
,9.973172126913421e-06,,,,,3949,
0,,,9.973172382160556e-06,,0.017191991209983826,3949,
,9.972448604860025e-06,,,,,3999,
0,,,9.972448424377944e-06,,0.01545657217502594,3999,
,9.971715484211103e-06,,,,,4049,
0,,,9.971715371648315e-06,,0.012544140219688416,4049,
,9.97097276645676e-06,,,,,4099,
0,,,9.970972314476967e-06,,0.013918752782046795,4099,
,9.970220453106604e-06,,,,,4149,
0,,,9.9702201623586e-06,,0.015109896659851074,4149,
,9.969458545689745e-06,,,,,4199,
0,,,9.969458915293217e-06,,0.014865360222756863,4199,
,9.968687045754796e-06,,,,,4249,
0,,,9.968686754291411e-06,,0.013637184165418148,4249,
,9.967905954869867e-06,,,,,4299,
0,,,9.96790640783729e-06,,0.011538042686879635,4299,
,9.967115274622563e-06,,,,,4349,
0,,,9.967115147446748e-06,,0.014600199647247791,4349,
,9.966315006619975e-06,,,,,4399,
0,,,9.966314792109188e-06,,0.013880878686904907,4399,
,9.965505152488685e-06,,,,,4449,
0,,,9.96550534182461e-06,,0.013881996273994446,4449,
,9.964685713874762e-06,,,,,4499,
0,,,9.964685887098312e-06,,0.013272488489747047,4499,
,9.96385669244375e-06,,,,,4549,
0,,,9.963856427930295e-06,,0.01326856017112732,4549,
,9.963018089880675e-06,,,,,4599,
0,,,9.96301787381526e-06,,0.01375777181237936,4599,
,9.962169907890035e-06,,,,,4649,
0,,,9.962170224753208e-06,,0.014473858289420605,4649,
,9.961312148195799e-06,,,,,4699,
0,,,9.961312571249437e-06,,0.01412144023925066,4699,
,9.960444812541404e-06,,,,,4749,
0,,,9.960444913303945e-06,,0.011833828873932362,4749,
,9.959567902689748e-06,,,,,4799,
0,,,9.959568160411436e-06,,0.014442676678299904,4799,
,9.958681420423194e-06,,,,,4849,
0,,,9.958681403077208e-06,,0.011627177707850933,4849,
,9.957785367543554e-06,,,,,4899,
0,,,9.957785550795961e-06,,0.013658637180924416,4899,
,9.956879745872103e-06,,,,,4949,
0,,,9.956879694072995e-06,,0.011972585693001747,4949,
,9.955964557249553e-06,,,,,4999,
0,,,9.955964742403012e-06,,0.01460675336420536,4999,
,9.955039803536073e-06,,,,,5049,
0,,,9.955039786291309e-06,,0.014557999558746815,5049,
,9.95410548661126e-06,,,,,5099,
0,,,9.954105735232588e-06,,0.01450049877166748,5099,
,9.953161608374164e-06,,,,,5149,
0,,,9.953161679732148e-06,,0.014413957484066486,5149,
,9.952208170743258e-06,,,,,5199,
0,,,9.95220852928469e-06,,0.011911480687558651,5199,
,9.951245175656448e-06,,,,,5249,
0,,,9.951245374395512e-06,,0.013364003971219063,5249,
,9.950272625071066e-06,,,,,5299,
0,,,9.950272215064615e-06,,0.013516387902200222,5299,
,9.949290520963868e-06,,,,,5349,
0,,,9.949290870281402e-06,,0.013264879584312439,5349,
,9.948298865331023e-06,,,,,5399,
0,,,9.948298611561768e-06,,0.012070243246853352,5399,
,9.94729766018812e-06,,,,,5449,
0,,,9.947297257895116e-06,,0.013967597857117653,5449,
,9.946286907570155e-06,,,,,5499,
0,,,9.946286809281446e-06,,0.011892176233232021,5499,
,9.945266609531526e-06,,,,,5549,
0,,,9.945266356226057e-06,,0.015149942599236965,5549,
,9.944236768146037e-06,,,,,5599,
0,,,9.94423680822365e-06,,0.01298657339066267,5599,
,9.943197385506892e-06,,,,,5649,
0,,,9.943197255779523e-06,,0.012442502193152905,5649,
,9.942148463726678e-06,,,,,5699,
0,,,9.94214860838838e-06,,0.01232247706502676,5699,
,9.941090004937385e-06,,,,,5749,
0,,,9.941089956555516e-06,,0.012759414501488209,5749,
,9.940022011290373e-06,,,,,5799,
0,,,9.940022209775634e-06,,0.013503074645996094,5799,
,9.938944484956392e-06,,,,,5849,
0,,,9.938944458554033e-06,,0.013801208697259426,5849,
,9.937857428125564e-06,,,,,5899,
0,,,9.937857612385415e-06,,0.014697360806167126,5899,
,9.93676084300738e-06,,,,,5949,
0,,,9.936760761775076e-06,,0.01439216174185276,5949,
,9.935654731830701e-06,,,,,5999,
0,,,9.93565481621772e-06,,0.014019550755620003,5999,
,9.93453909684375e-06,,,,,6049,
0,,,9.934538866218645e-06,,0.011868618428707123,6049,
,9.933413940314107e-06,,,,,6099,
0,,,9.933413821272552e-06,,0.01239211019128561,6099,
,9.932279264528705e-06,,,,,6149,
0,,,9.932279681379441e-06,,0.013140625320374966,6149,
,9.931135071793823e-06,,,,,6199,
0,,,9.931134627549909e-06,,0.013164673931896687,6199,
,9.929981364435088e-06,,,,,6249,
0,,,9.929981388268061e-06,,0.01280971895903349,6249,
,9.928818144797461e-06,,,,,6299,
0,,,9.928818144544493e-06,,0.01347814965993166,6299,
,9.927645415245244e-06,,,,,6349,
0,,,9.927645805873908e-06,,0.013615514151751995,6349,
,9.92646317816206e-06,,,,,6399,
0,,,9.926463462761603e-06,,0.01559287216514349,6399,
,9.925271435950863e-06,,,,,6449,
0,,,9.925271115207579e-06,,0.014096376486122608,6449,
,9.924070191033924e-06,,,,,6499,
0,,,9.924070582201239e-06,,0.014779007993638515,6499,
,9.922859445852826e-06,,,,,6549,
0,,,9.922859135258477e-06,,0.013406137004494667,6549,
,9.92163920286847e-06,,,,,6599,
0,,,9.9216395028634e-06,,0.012792393565177917,6599,
,9.920409464561051e-06,,,,,6649,
0,,,9.920409866026603e-06,,0.013360279612243176,6649,
,9.919170233430072e-06,,,,,6699,
0,,,9.919170224748086e-06,,0.012487361207604408,6699,
,9.91792151199433e-06,,,,,6749,
0,,,9.917921488522552e-06,,0.01386000495404005,6749,
,9.916663302791903e-06,,,,,6799,
0,,,9.91666365735e-06,,0.01276430394500494,6799,
,9.915395608380165e-06,,,,,6849,
0,,,9.915395821735729e-06,,0.011560477316379547,6849,
,9.914118431335761e-06,,,,,6899,
0,,,9.914117981679738e-06,,0.013211633078753948,6899,
,9.912831774254613e-06,,,,,6949,
0,,,9.91283195617143e-06,,0.012710037641227245,6949,
,9.91153563975191e-06,,,,,6999,
0,,,9.911535926221404e-06,,0.014226905070245266,6999,
,9.91023003046211e-06,,,,,7049,
0,,,9.910229891829658e-06,,0.012805706821382046,7049,
,9.908914949038917e-06,,,,,7099,
0,,,9.908914762490895e-06,,0.011548756621778011,7099,
,9.9075903981553e-06,,,,,7149,
0,,,9.907590538205113e-06,,0.01370363961905241,7149,
,9.906256380503468e-06,,,,,7199,
0,,,9.906256309477612e-06,,0.012834061868488789,7199,
,9.904912898794875e-06,,,,,7249,
0,,,9.904912985803094e-06,,0.014958927407860756,7249,
,9.90355995576021e-06,,,,,7299,
0,,,9.903559657686856e-06,,0.014655890874564648,7299,
,9.902197554149391e-06,,,,,7349,
0,,,9.9021972346236e-06,,0.013123142533004284,7349,
,9.900825696731564e-06,,,,,7399,
0,,,9.900825716613326e-06,,0.01213628239929676,7399,
,9.89944438629509e-06,,,,,7449,
0,,,9.899444194161333e-06,,0.014399588108062744,7449,
,9.89805362564755e-06,,,,,7499,
0,,,9.898053576762322e-06,,0.011872037313878536,7499,
,9.896653417615726e-06,,,,,7549,
0,,,9.896653864416294e-06,,0.011914761736989021,7549,
,9.895243765045608e-06,,,,,7599,
0,,,9.895244147628546e-06,,0.013174617663025856,7599,
,9.89382467080238e-06,,,,,7649,
0,,,9.893824426399078e-06,,0.013537317514419556,7649,
,9.892396137770415e-06,,,,,7699,
0,,,9.892396519717295e-06,,0.01295984722673893,7699,
,9.890958168853274e-06,,,,,7749,
0,,,9.890958608593792e-06,,0.010004214942455292,7749,
,9.889510766973697e-06,,,,,7799,
0,,,9.88951069302857e-06,,0.009589515626430511,7799,
,9.888053935073592e-06,,,,,7849,
0,,,9.888053682516329e-06,,0.01287563145160675,7849,
,9.886587676114039e-06,,,,,7899,
0,,,9.886587577057071e-06,,0.012880225665867329,7899,
,9.885111993075278e-06,,,,,7949,
0,,,9.885112376650795e-06,,0.01102002989500761,7949,
,9.883626888956702e-06,,,,,7999,
0,,,9.8836271718028e-06,,0.012672624550759792,7999,
,9.882132366776854e-06,,,,,8049,
0,,,9.882131962513085e-06,,0.01165914535522461,8049,
,9.88062842957342e-06,,,,,8099,
0,,,9.880628567771055e-06,,0.010196861810982227,8099,
,9.87911508040322e-06,,,,,8149,
0,,,9.879115168587305e-06,,0.012440824881196022,8149,
,9.877592322342208e-06,,,,,8199,
0,,,9.877592674456537e-06,,0.011852056719362736,8199,
,9.876060158485462e-06,,,,,8249,
0,,,9.87606017588405e-06,,0.011246266774833202,8249,
,9.874518591947175e-06,,,,,8299,
0,,,9.874518582364544e-06,,0.012274411506950855,8299,
,9.87296762586065e-06,,,,,8349,
0,,,9.872967893898021e-06,,0.01229837816208601,8349,
,9.871407263378299e-06,,,,,8399,
0,,,9.871407200989779e-06,,0.010776488110423088,8399,
,9.869837507671634e-06,,,,,8449,
0,,,9.869837413134519e-06,,0.013908877037465572,8449,
,9.868258361931251e-06,,,,,8499,
0,,,9.868258530332241e-06,,0.015281662344932556,8499,
,9.866669829366839e-06,,,,,8549,
0,,,9.866669643088244e-06,,0.011953797191381454,8549,
,9.865071913207165e-06,,,,,8599,
0,,,9.865071660897229e-06,,0.010383221320807934,8599,
,9.863464616700065e-06,,,,,8649,
0,,,9.863464583759196e-06,,0.01291763037443161,8649,
,9.861847943112446e-06,,,,,8699,
0,,,9.861847502179444e-06,,0.013569471426308155,8699,
,9.860221895730274e-06,,,,,8749,
0,,,9.860222235147376e-06,,0.011656204238533974,8749,
,9.858586477858561e-06,,,,,8799,
0,,,9.858586054178886e-06,,0.012462002225220203,8799,
,9.856941692821373e-06,,,,,8849,
0,,,9.85694168775808e-06,,0.01101092342287302,8849,
,9.855287543961807e-06,,,,,8899,
0,,,9.855287316895556e-06,,0.012928721494972706,8899,
,9.853624034642003e-06,,,,,8949,
0,,,9.853623851086013e-06,,0.012668046168982983,8949,
,9.851951168243118e-06,,,,,8999,
0,,,9.851951290329453e-06,,0.011342929676175117,8999,
,9.85026894816533e-06,,,,,9049,
0,,,9.850268725131173e-06,,0.012191716581583023,9049,
,9.848577377827831e-06,,,,,9099,
0,,,9.848577064985875e-06,,0.013377728872001171,9099,
,9.846876460668814e-06,,,,,9149,
0,,,9.84687630989356e-06,,0.012354707345366478,9149,
,9.845166200145475e-06,,,,,9199,
0,,,9.845166459854227e-06,,0.011120179668068886,9199,
,9.843446599733993e-06,,,,,9249,
0,,,9.843446605373174e-06,,0.010664882138371468,9249,
,9.841717662929539e-06,,,,,9299,
0,,,9.841717655945104e-06,,0.012544161640107632,9299,
,9.839979393246255e-06,,,,,9349,
0,,,9.839979611570016e-06,,0.012032701633870602,9349,
,9.838231794217258e-06,,,,,9399,
0,,,9.838231562753208e-06,,0.011743850074708462,9399,
,9.83647486939462e-06,,,,,9449,
0,,,9.836474418989383e-06,,0.011688577011227608,9449,
,9.834708622349375e-06,,,,,9499,
0,,,9.83470818027854e-06,,0.012338807806372643,9499,
,9.8329330566715e-06,,,,,9549,
0,,,9.832932846620679e-06,,0.012814819812774658,9549,
,9.831148175969917e-06,,,,,9599,
0,,,9.8311484180158e-06,,0.009691213257610798,9599,
,9.829353983872476e-06,,,,,9649,
0,,,9.829353984969202e-06,,0.012198052369058132,9649,
,9.827550484025957e-06,,,,,9699,
0,,,9.827550456975587e-06,,0.0130228940397501,9699,
,9.825737680096054e-06,,,,,9749,
0,,,9.825737834034953e-06,,0.012963843531906605,9749,
,9.82391557576738e-06,,,,,9799,
0,,,9.8239152066526e-06,,0.012972823344171047,9799,
,9.822084174743444e-06,,,,,9849,
0,,,9.822084393817931e-06,,0.01182605791836977,9849,
,9.820243480746653e-06,,,,,9899,
0,,,9.820243576541543e-06,,0.011798112653195858,9899,
,9.818393497518303e-06,,,,,9949,
0,,,9.818393664318137e-06,,0.010812229476869106,9949,
,9.81653422881857e-06,,,,,9999,
0,,,9.816534657147713e-06,,0.012947598472237587,9999,
,9.814665678426506e-06,,,,,10049,
0,,,9.81466564553557e-06,,0.012977954931557178,10049,
,9.812787850140023e-06,,,,,10099,
0,,,9.812787538976409e-06,,0.010763521306216717,10099,
,9.810900747775896e-06,,,,,10149,
0,,,9.81090033747023e-06,,0.013228848576545715,10149,
,9.809004375169749e-06,,,,,10199,
0,,,9.809004041017033e-06,,0.013421262614428997,10199,
,9.807098736176046e-06,,,,,10249,
0,,,9.807098649616819e-06,,0.011374197900295258,10249,
,9.805183834668085e-06,,,,,10299,
0,,,9.805184163269587e-06,,0.010739305056631565,10299,
,9.803259674537994e-06,,,,,10349,
0,,,9.803259672480635e-06,,0.011171659454703331,10349,
,9.801326259696715e-06,,,,,10399,
0,,,9.801326086744666e-06,,0.011159693822264671,10399,
,9.799383594074008e-06,,,,,10449,
0,,,9.799383406061679e-06,,0.012761982157826424,10449,
,9.797431681618426e-06,,,,,10499,
0,,,9.797431630431674e-06,,0.013671310618519783,10499,
,9.795470526297324e-06,,,,,10549,
0,,,9.795470759854652e-06,,0.01250541489571333,10549,
,9.793500132096842e-06,,,,,10599,
0,,,9.79349988483591e-06,,0.01099906675517559,10599,
,9.791520503021894e-06,,,,,10649,
0,,,9.791520824364852e-06,,0.013394700363278389,10649,
,9.78953164309617e-06,,,,,10699,
0,,,9.789531759452075e-06,,0.010319643653929234,10699,
,9.78753355636212e-06,,,,,10749,
0,,,9.78753359959228e-06,,0.009950846433639526,10749,
,9.785526246880948e-06,,,,,10799,
0,,,9.785526344785467e-06,,0.011680439114570618,10799,
,9.7835097187326e-06,,,,,10849,
0,,,9.783509995031636e-06,,0.012428514659404755,10849,
,9.781483976015772e-06,,,,,10899,
0,,,9.781483640836086e-06,,0.010934405960142612,10899,
,9.779449022847869e-06,,,,,10949,
0,,,9.77944910118822e-06,,0.011558011174201965,10949,
,9.777404863365033e-06,,,,,10999,
0,,,9.777404557098635e-06,,0.011489124037325382,10999,
,9.775351501722113e-06,,,,,11049,
0,,,9.775351827556733e-06,,0.010874695144593716,11049,
,9.773288942092662e-06,,,,,11099,
0,,,9.773289093573112e-06,,0.013002390041947365,11099,
,9.771217188668924e-06,,,,,11149,
0,,,9.771217264642473e-06,,0.011950639076530933,11149,
,9.769136245661838e-06,,,,,11199,
0,,,9.769136340764817e-06,,0.010929389856755733,11199,
,9.767046117301016e-06,,,,,11249,
0,,,9.767046321940143e-06,,0.01309047918766737,11249,
,9.76494680783474e-06,,,,,11299,
0,,,9.76494720816845e-06,,0.012748348526656628,11299,
,9.762838321529954e-06,,,,,11349,
0,,,9.76283808995504e-06,,0.010788331739604473,11349,
,9.760720662672255e-06,,,,,11399,
0,,,9.760720786289312e-06,,0.01038189698010683,11399,
,9.758593835565879e-06,,,,,11449,
0,,,9.758593478181865e-06,,0.011669885367155075,11449,
,9.756457844533707e-06,,,,,11499,
0,,,9.756457984622102e-06,,0.011673418805003166,11499,
,9.754312693917234e-06,,,,,11549,
0,,,9.75431248662062e-06,,0.012109399773180485,11549,
,9.752158388076581e-06,,,,,11599,
0,,,9.752158803166822e-06,,0.010931020602583885,11599,
,9.749994931390475e-06,,,,,11649,
0,,,9.749995115271304e-06,,0.010550164617598057,11649,
,9.747822328256237e-06,,,,,11699,
0,,,9.747822332428768e-06,,0.011324482038617134,11699,
,9.74564058308979e-06,,,,,11749,
0,,,9.745640454639215e-06,,0.01013919711112976,11749,
,9.743449700325627e-06,,,,,11799,
0,,,9.743449481902644e-06,,0.012157256714999676,11799,
,9.741249684416823e-06,,,,,11849,
0,,,9.741249414219055e-06,,0.011758333072066307,11849,
,9.739040539835008e-06,,,,,11899,
0,,,9.739040251588449e-06,,0.011294900439679623,11899,
,9.736822271070374e-06,,,,,11949,
0,,,9.736821994010825e-06,,0.010452455841004848,11949,
,9.734594882631653e-06,,,,,11999,
0,,,9.734594641486183e-06,,0.012136171571910381,11999,
,9.732358379046114e-06,,,,,12049,
0,,,9.732358194014523e-06,,0.010955733247101307,12049,
,9.73011276485956e-06,,,,,12099,
0,,,9.730112651595846e-06,,0.012349545955657959,12099,
,9.727858044636299e-06,,,,,12149,
0,,,9.72785801423015e-06,,0.009883793070912361,12149,
,9.725594222959159e-06,,,,,12199,
0,,,9.725594281917438e-06,,0.010321606881916523,12199,
,9.72332130442946e-06,,,,,12249,
0,,,9.723321454657707e-06,,0.011790369637310505,12249,
,9.721039293667013e-06,,,,,12299,
0,,,9.721039532450959e-06,,0.011074027977883816,12299,
,9.718748195310114e-06,,,,,12349,
0,,,9.718748515297193e-06,,0.013709328137338161,12349,
,9.716448014015524e-06,,,,,12399,
0,,,9.71644840319641e-06,,0.010561569593846798,12399,
,9.71413875445847e-06,,,,,12449,
0,,,9.714139196148608e-06,,0.010824679397046566,12449,
,9.711820421332627e-06,,,,,12499,
0,,,9.711819984659087e-06,,0.012163536623120308,12499,
,9.709493019350115e-06,,,,,12549,
0,,,9.70949258771725e-06,,0.010755117051303387,12549,
,9.707156553241488e-06,,,,,12599,
0,,,9.707157005323097e-06,,0.011808819137513638,12599,
,9.704811027755719e-06,,,,,12649,
0,,,9.704811418487225e-06,,0.010839014314115047,12649,
,9.7024564476602e-06,,,,,12699,
0,,,9.702456736704335e-06,,0.011269285343587399,12699,
,9.70009281774072e-06,,,,,12749,
0,,,9.700092959974427e-06,,0.011394153349101543,12749,
,9.697720142801471e-06,,,,,12799,
0,,,9.697720088297501e-06,,0.011479023844003677,12799,
,9.695338427665022e-06,,,,,12849,
0,,,9.695338121673558e-06,,0.011373660527169704,12849,
,9.69294767717232e-06,,,,,12899,
0,,,9.692947969597299e-06,,0.012249293737113476,12899,
,9.690547896182674e-06,,,,,12949,
0,,,9.69054781307932e-06,,0.01073447521775961,12949,
,9.688139089573756e-06,,,,,12999,
0,,,9.688139471109025e-06,,0.01152723003178835,12999,
,9.68572126224157e-06,,,,,13049,
0,,,9.685721124697011e-06,,0.010600777342915535,13049,
,9.683294419100467e-06,,,,,13099,
0,,,9.68329459283268e-06,,0.012959501706063747,13099,
,9.680858565083114e-06,,,,,13149,
0,,,9.680858966021333e-06,,0.012850410304963589,13149,
,9.678413705140501e-06,,,,,13199,
0,,,9.678413334768265e-06,,0.012527123093605042,13199,
,9.675959844241916e-06,,,,,13249,
0,,,9.675959518062882e-06,,0.013989008031785488,13249,
,9.673496987374948e-06,,,,,13299,
0,,,9.673496606410481e-06,,0.011935191228985786,13299,
,9.671025139545464e-06,,,,,13349,
0,,,9.671025509305764e-06,,0.01050007063895464,13349,
,9.668544305777611e-06,,,,,13399,
0,,,9.668544407759327e-06,,0.011495564132928848,13399,
,9.666054491113799e-06,,,,,13449,
0,,,9.666054211265873e-06,,0.011594237759709358,13449,
,9.663555700614693e-06,,,,,13499,
0,,,9.663555829320103e-06,,0.011787503026425838,13499,
,9.661047939359198e-06,,,,,13549,
0,,,9.661048352427315e-06,,0.011775556951761246,13549,
,9.658531212444454e-06,,,,,13599,
0,,,9.658530871092808e-06,,0.011157015338540077,13599,
,9.656005524985829e-06,,,,,13649,
0,,,9.656005204305984e-06,,0.011525977402925491,13649,
,9.653470882116896e-06,,,,,13699,
0,,,9.653470442572143e-06,,0.009872140362858772,13699,
,9.650927288989435e-06,,,,,13749,
0,,,9.650927495385986e-06,,0.010789565742015839,13749,
,9.648374750773419e-06,,,,,13799,
0,,,9.64837454375811e-06,,0.011424441821873188,13799,
,9.645813272656996e-06,,,,,13849,
0,,,9.645813406677917e-06,,0.011262724176049232,13849,
,9.643242859846492e-06,,,,,13899,
0,,,9.643243174650706e-06,,0.01173289492726326,13899,
,9.64066351756639e-06,,,,,13949,
0,,,9.640663847676478e-06,,0.012127717025578022,13949,
,9.638075251059322e-06,,,,,13999,
0,,,9.638075425755233e-06,,0.0125203225761652,13999,
,9.63547806558606e-06,,,,,14049,
0,,,9.635477908886969e-06,,0.01091737486422062,14049,
,9.632871966425503e-06,,,,,14099,
0,,,9.63287220656639e-06,,0.01036841794848442,14099,
,9.63025695887467e-06,,,,,14149,
0,,,9.630257409298792e-06,,0.011797184124588966,14149,
,9.627633048248682e-06,,,,,14199,
0,,,9.627632607589476e-06,,0.011087111197412014,14199,
,9.625000239880763e-06,,,,,14249,
0,,,9.625000529922545e-06,,0.010495806112885475,14249,
,9.622358539122212e-06,,,,,14299,
0,,,9.622358447813895e-06,,0.011080615222454071,14299,
,9.619707951342413e-06,,,,,14349,
0,,,9.619708180252928e-06,,0.011275254189968109,14349,
,9.617048481928808e-06,,,,,14399,
0,,,9.617048817744944e-06,,0.012015707790851593,14399,
,9.614380136286889e-06,,,,,14449,
0,,,9.614380360289942e-06,,0.012667003087699413,14449,
,9.611702919840195e-06,,,,,14499,
0,,,9.611702807887923e-06,,0.010675223544239998,14499,
,9.609016838030293e-06,,,,,14549,
0,,,9.609017070033588e-06,,0.01100452896207571,14549,
,9.606321896316764e-06,,,,,14599,
0,,,9.606322237232234e-06,,0.011787342838943005,14599,
,9.603618100177206e-06,,,,,14649,
0,,,9.603618309483863e-06,,0.009561000391840935,14649,
,9.60090545510721e-06,,,,,14699,
0,,,9.600905286788475e-06,,0.009583237580955029,14699,
,9.59818396662035e-06,,,,,14749,
0,,,9.59818407864077e-06,,0.011737714521586895,14749,
,9.59545364024818e-06,,,,,14799,
0,,,9.595453775546048e-06,,0.01229894906282425,14799,
,9.592714481540211e-06,,,,,14849,
0,,,9.592714377504308e-06,,0.011662356555461884,14849,
,9.589966496063917e-06,,,,,14899,
0,,,9.589966794010252e-06,,0.010820000432431698,14899,
,9.5872096894047e-06,,,,,14949,
0,,,9.587210115569178e-06,,0.012011120095849037,14949,
,9.584444067165897e-06,,,,,14999,
0,,,9.584444342181087e-06,,0.009698295034468174,14999,
,9.581669634968766e-06,,,,,15049,
0,,,9.581669473845977e-06,,0.011154583655297756,15049,
,9.578886398452468e-06,,,,,15099,
0,,,9.578886420058552e-06,,0.009942751377820969,15099,
,9.57609436327406e-06,,,,,15149,
0,,,9.57609427132411e-06,,0.009411154314875603,15149,
,9.573293535108485e-06,,,,,15199,
0,,,9.57329393713735e-06,,0.01094056200236082,15199,
,9.570483919648551e-06,,,,,15249,
0,,,9.570483598508872e-06,,0.01112669613212347,15249,
,9.567665522604935e-06,,,,,15299,
0,,,9.567665074428078e-06,,0.011719574220478535,15299,
,9.564838349706159e-06,,,,,15349,
0,,,9.564838364894968e-06,,0.011044896207749844,15349,
,9.562002406698583e-06,,,,,15399,
0,,,9.56200256041484e-06,,0.010815384797751904,15399,
,9.559157699346394e-06,,,,,15449,
0,,,9.559157660987694e-06,,0.011142371222376823,15449,
,9.556304233431587e-06,,,,,15499,
0,,,9.556304576108232e-06,,0.01082141324877739,15499,
,9.553442014753968e-06,,,,,15549,
0,,,9.553442396281753e-06,,0.012866735458374023,15549,
,9.550571049131127e-06,,,,,15599,
0,,,9.550571121508256e-06,,0.01056750863790512,15599,
,9.547691342398436e-06,,,,,15649,
0,,,9.547691661282443e-06,,0.01118746679276228,15649,
,9.54480290040903e-06,,,,,15699,
0,,,9.544803106109612e-06,,0.010493364185094833,15699,
,9.541905729033802e-06,,,,,15749,
0,,,9.541905455989763e-06,,0.010408659465610981,15749,
,9.538999834161389e-06,,,,,15799,
0,,,9.538999620417599e-06,,0.011528776958584785,15799,
,9.536085221698156e-06,,,,,15849,
0,,,9.536085599393118e-06,,0.012472834438085556,15849,
,9.533161897568187e-06,,,,,15899,
0,,,9.533161573926918e-06,,0.011926240287721157,15899,
,9.530229867713272e-06,,,,,15949,
0,,,9.530230272503104e-06,,0.010999455116689205,15949,
,9.5272891380929e-06,,,,,15999,
0,,,9.52728896663757e-06,,0.012338517233729362,15999,
,9.524339714684242e-06,,,,,16049,
0,,,9.52433947531972e-06,,0.01175545435398817,16049,
,9.521381603482133e-06,,,,,16099,
0,,,9.521381798549555e-06,,0.011000984348356724,16099,
,9.518414810499075e-06,,,,,16149,
0,,,9.518415026832372e-06,,0.011801457032561302,16149,
,9.51543934176521e-06,,,,,16199,
0,,,9.515439160168171e-06,,0.010930502787232399,16199,
,9.512455203328315e-06,,,,,16249,
0,,,9.512455108051654e-06,,0.011953562498092651,16249,
,9.509462401253794e-06,,,,,16299,
0,,,9.50946196098812e-06,,0.012462318874895573,16299,
,9.50646094162465e-06,,,,,16349,
0,,,9.506460628472269e-06,,0.01105163712054491,16349,
,9.503450830541493e-06,,,,,16399,
0,,,9.503451110504102e-06,,0.011888968758285046,16399,
,9.500432074122512e-06,,,,,16449,
0,,,9.500432497588918e-06,,0.012220700271427631,16449,
,9.497404678503468e-06,,,,,16499,
0,,,9.497404789726716e-06,,0.01022274885326624,16499,
,9.494368649837686e-06,,,,,16549,
0,,,9.494368896412198e-06,,0.011996113695204258,16549,
,9.491323994296032e-06,,,,,16599,
0,,,9.491323908150662e-06,,0.01077753771096468,16599,
,9.488270718066909e-06,,,,,16649,
0,,,9.48827073443681e-06,,0.011638777330517769,16649,
,9.485208827356245e-06,,,,,16699,
0,,,9.48520846577594e-06,,0.009208853356540203,16699,
,9.482138328387473e-06,,,,,16749,
0,,,9.482138011662755e-06,,0.009019972756505013,16749,
,9.479059227401524e-06,,,,,16799,
0,,,9.479059372097254e-06,,0.011542797088623047,16799,
,9.475971530656815e-06,,,,,16849,
0,,,9.475971637584735e-06,,0.011710025370121002,16849,
,9.47287524442923e-06,,,,,16899,
0,,,9.472874808125198e-06,,0.012135193683207035,16899,
,9.469770375012118e-06,,,,,16949,
0,,,9.469770702708047e-06,,0.010555244982242584,16949,
,9.466656928716266e-06,,,,,16999,
0,,,9.466656592849176e-06,,0.011917133815586567,16999,
,9.4635349118699e-06,,,,,17049,
0,,,9.463535207032692e-06,,0.011419122107326984,17049,
,9.460404330818664e-06,,,,,17099,
0,,,9.46040472626919e-06,,0.011294608004391193,17099,
,9.457265191925608e-06,,,,,17149,
0,,,9.457265150558669e-06,,0.01180710643529892,17149,
,9.454117501571178e-06,,,,,17199,
0,,,9.454117389395833e-06,,0.012478207238018513,17199,
,9.4509612661532e-06,,,,,17249,
0,,,9.450961442780681e-06,,0.012032926082611084,17249,
,9.447796492086869e-06,,,,,17299,
0,,,9.447796401218511e-06,,0.011746393516659737,17299,
,9.444623185804733e-06,,,,,17349,
0,,,9.444623174204025e-06,,0.01265700813382864,17349,
,9.441441353756686e-06,,,,,17399,
0,,,9.441441761737224e-06,,0.013419992290437222,17399,
,9.43825100240995e-06,,,,,17449,
0,,,9.438251254323404e-06,,0.010443298146128654,17449,
,9.43505213824906e-06,,,,,17499,
0,,,9.435052561457269e-06,,0.012436766177415848,17499,
,9.431844767775853e-06,,,,,17549,
0,,,9.431844773644116e-06,,0.009752224199473858,17549,
,9.428628897509465e-06,,,,,17599,
0,,,9.428628800378647e-06,,0.012378132902085781,17599,
,9.425404533986296e-06,,,,,17649,
0,,,9.425404641660862e-06,,0.012250243686139584,17649,
,9.422171683760015e-06,,,,,17699,
0,,,9.422171387996059e-06,,0.010525606572628021,17699,
,9.418930353401542e-06,,,,,17749,
0,,,9.41892994887894e-06,,0.009855150245130062,17749,
,9.415680549499029e-06,,,,,17799,
0,,,9.415680324309506e-06,,0.011809322983026505,17799,
,9.412422278657851e-06,,,,,17849,
0,,,9.412422514287755e-06,,0.010483256541192532,17849,
,9.4091555475006e-06,,,,,17899,
0,,,9.409155609318987e-06,,0.010095009580254555,17899,
,9.405880362667054e-06,,,,,17949,
0,,,9.405880518897902e-06,,0.010450768284499645,17949,
,9.402596730814178e-06,,,,,17999,
0,,,9.4025963335298e-06,,0.010479889810085297,17999,
,9.399304658616109e-06,,,,,18049,
0,,,9.399304872204084e-06,,0.011466857977211475,18049,
,9.396004152764132e-06,,,,,18099,
0,,,9.39600431593135e-06,,0.012284761294722557,18099,
,9.392695219966681e-06,,,,,18149,
0,,,9.3926955742063e-06,,0.011368650011718273,18149,
,9.389377866949315e-06,,,,,18199,
0,,,9.389377737534232e-06,,0.011980435810983181,18199,
,9.386052100454708e-06,,,,,18249,
0,,,9.386051715409849e-06,,0.008704560808837414,18249,
,9.38271792724263e-06,,,,,18299,
0,,,9.38271750783315e-06,,0.011366537772119045,18299,
,9.379375354089949e-06,,,,,18349,
0,,,9.379375114804134e-06,,0.011273244395852089,18349,
,9.376024387790594e-06,,,,,18399,
0,,,9.376024536322802e-06,,0.010591352358460426,18399,
,9.372665035155566e-06,,,,,18449,
0,,,9.372664862894453e-06,,0.013340145349502563,18449,
,9.369297303012896e-06,,,,,18499,
0,,,9.369297004013788e-06,,0.01130647212266922,18499,
,9.365921198207663e-06,,,,,18549,
0,,,9.365920959680807e-06,,0.011089547537267208,18549,
,9.362536727601953e-06,,,,,18599,
0,,,9.36253672989551e-06,,0.010863006114959717,18599,
,9.35914389807486e-06,,,,,18649,
0,,,9.359144314657897e-06,,0.010702108033001423,18649,
,9.355742716522467e-06,,,,,18699,
0,,,9.355742804473266e-06,,0.011857589706778526,18699,
,9.352333189857835e-06,,,,,18749,
0,,,9.35233310883632e-06,,0.010551057755947113,18749,
,9.348915325010981e-06,,,,,18799,
0,,,9.348915227747057e-06,,0.010776015929877758,18799,
,9.345489128928874e-06,,,,,18849,
0,,,9.345489161205478e-06,,0.01203805673867464,18849,
,9.342054608575421e-06,,,,,18899,
0,,,9.342054909211583e-06,,0.01216750219464302,18899,
,9.338611770931439e-06,,,,,18949,
0,,,9.338611562270671e-06,,0.011292572133243084,18949,
,9.335160622994656e-06,,,,,18999,
0,,,9.335160939372145e-06,,0.011069590225815773,18999,
,9.331701171779693e-06,,,,,19049,
0,,,9.3317012215266e-06,,0.010698818601667881,19049,
,9.328233424318041e-06,,,,,19099,
0,,,9.32823331822874e-06,,0.010509639978408813,19099,
,9.324757387658057e-06,,,,,19149,
0,,,9.324757229478564e-06,,0.01055983453989029,19149,
,9.32127306886495e-06,,,,,19199,
0,,,9.321272955276072e-06,,0.011947034858167171,19199,
,9.317780475020759e-06,,,,,19249,
0,,,9.317780495621264e-06,,0.01178896427154541,19249,
,9.31427961322434e-06,,,,,19299,
0,,,9.31427985051414e-06,,0.012064357288181782,19299,
,9.310770490591356e-06,,,,,19349,
0,,,9.310770110459998e-06,,0.011854349635541439,19349,
,9.307253114254266e-06,,,,,19399,
0,,,9.307253094448242e-06,,0.011201240122318268,19399,
,9.303727491362297e-06,,,,,19449,
0,,,9.30372789298417e-06,,0.011079044081270695,19449,
,9.300193629081441e-06,,,,,19499,
0,,,9.300193596573081e-06,,0.010008021257817745,19499,
,9.296651534594438e-06,,,,,19549,
0,,,9.296651114709675e-06,,0.010085567831993103,19549,
,9.29310121510076e-06,,,,,19599,
0,,,9.293101356888656e-06,,0.013054531998932362,19599,
,9.289542677816591e-06,,,,,19649,
0,,,9.289542504120618e-06,,0.011924567632377148,19649,
,9.285975929974827e-06,,,,,19699,
0,,,9.285976375394966e-06,,0.009804236702620983,19699,
,9.282400978825048e-06,,,,,19749,
0,,,9.282401151722297e-06,,0.01000611949712038,19749,
,9.278817831633505e-06,,,,,19799,
0,,,9.278817742597312e-06,,0.01147425826638937,19799,
,9.275226495683117e-06,,,,,19849,
0,,,9.27522614802001e-06,,0.01146178599447012,19849,
,9.271626978273432e-06,,,,,19899,
0,,,9.271627277485095e-06,,0.012834079563617706,19899,
,9.268019286720643e-06,,,,,19949,
0,,,9.268019312003162e-06,,0.012556353583931923,19949,
,9.264403428357545e-06,,,,,19999,
0,,,9.264403161068913e-06,,0.01181798242032528,19999,
,9.260779410533541e-06,,,,,20049,
0,,,9.26077973417705e-06,,0.010620939545333385,20049,
,9.257147240614617e-06,,,,,20099,
0,,,9.257147212338168e-06,,0.008334227837622166,20099,
,9.25350692598332e-06,,,,,20149,
0,,,9.253506505046971e-06,,0.011522299610078335,20149,
,9.249858474038763e-06,,,,,20199,
0,,,9.24985852179816e-06,,0.010846467688679695,20199,
,9.246201892196592e-06,,,,,20249,
0,,,9.246201443602331e-06,,0.012315702624619007,20249,
,9.24253718788898e-06,,,,,20299,
0,,,9.242537089448888e-06,,0.012165236286818981,20299,
,9.238864368564607e-06,,,,,20349,
0,,,9.238864549843129e-06,,0.011325301602482796,20349,
,9.235183441688648e-06,,,,,20399,
0,,,9.235183824785054e-06,,0.011698978953063488,20399,
,9.231494414742759e-06,,,,,20449,
0,,,9.231494004779961e-06,,0.01052537839859724,20449,
,9.227797295225058e-06,,,,,20499,
0,,,9.227796908817254e-06,,0.011817391030490398,20499,
,9.22409209065011e-06,,,,,20549,
0,,,9.224092536896933e-06,,0.010910853743553162,20549,
,9.220378808548917e-06,,,,,20599,
0,,,9.220379070029594e-06,,0.009846899658441544,20599,
,9.216657456468896e-06,,,,,20649,
0,,,9.21665741770994e-06,,0.01101720705628395,20649,
,9.212928041973867e-06,,,,,20699,
0,,,9.21292848943267e-06,,0.010233670473098755,20699,
,9.209190572644038e-06,,,,,20749,
0,,,9.209190466208383e-06,,0.010097603313624859,20749,
,9.20544505607599e-06,,,,,20799,
0,,,9.205445167026483e-06,,0.0087106479331851,20799,
,9.201691499882654e-06,,,,,20849,
0,,,9.201691682392266e-06,,0.00989166647195816,20849,
,9.197929911693313e-06,,,,,20899,
0,,,9.197930012305733e-06,,0.00930135976523161,20899,
,9.194160299153566e-06,,,,,20949,
0,,,9.194160156766884e-06,,0.012297576293349266,20949,
,9.190382669925327e-06,,,,,20999,
0,,,9.190383025270421e-06,,0.011196083389222622,20999,
,9.186597031686799e-06,,,,,21049,
0,,,9.18659679882694e-06,,0.010115447454154491,21049,
,9.18280339213247e-06,,,,,21099,
0,,,9.182803296425845e-06,,0.010678619146347046,21099,
,9.179001758973087e-06,,,,,21149,
0,,,9.179001608572435e-06,,0.01034488808363676,21149,
,9.175192139935645e-06,,,,,21199,
0,,,9.175191735266708e-06,,0.01078130304813385,21199,
,9.171374542763373e-06,,,,,21249,
0,,,9.171374586003367e-06,,0.009357985109090805,21249,
,9.167548975215712e-06,,,,,21299,
0,,,9.16754925128771e-06,,0.010827915742993355,21299,
,9.163715445068306e-06,,,,,21349,
0,,,9.163715731119737e-06,,0.01027093268930912,21349,
,9.159873960112982e-06,,,,,21399,
0,,,9.159874025499448e-06,,0.010119444690644741,21399,
,9.156024528157739e-06,,,,,21449,
0,,,9.156024134426843e-06,,0.010242042131721973,21449,
,9.15216715702672e-06,,,,,21499,
0,,,9.152166967396624e-06,,0.011563953943550587,21499,
,9.148301854560217e-06,,,,,21549,
0,,,9.14830161491409e-06,,0.011493672616779804,21549,
,9.144428628614633e-06,,,,,21599,
0,,,9.14442898647394e-06,,0.009712232276797295,21599,
,9.14054748706248e-06,,,,,21649,
0,,,9.140547263086773e-06,,0.011691746301949024,21649,
,9.136658437792355e-06,,,,,21699,
0,,,9.136658263741992e-06,,0.012555341236293316,21699,
,9.132761488708935e-06,,,,,21749,
0,,,9.132761078944895e-06,,0.01107292715460062,21749,
,9.128856647732947e-06,,,,,21799,
0,,,9.128856618190184e-06,,0.009749059565365314,21799,
,9.124943922801161e-06,,,,,21849,
0,,,9.124943971983157e-06,,0.010452672839164734,21849,
,9.121023321866376e-06,,,,,21899,
0,,,9.121023140323814e-06,,0.010585151612758636,21899,
,9.11709485289739e-06,,,,,21949,
0,,,9.117095032706857e-06,,0.011495488695800304,21949,
,9.113158523878998e-06,,,,,21999,
0,,,9.113158739637583e-06,,0.010223361663520336,21999,
,9.109214342811973e-06,,,,,22049,
0,,,9.109214261115994e-06,,0.010488653555512428,22049,
0,,,,,,22079,0.0062573375180363655
0,,9.6638623290346e-06,,0.027159178629517555,,22079,
,9.105262317713046e-06,,,,,22099,
1,,,9.105262506636791e-06,,0.011464019306004047,22099,
,9.10130245661489e-06,,,,,22149,
1,,,9.101302566705272e-06,,0.00970130879431963,22149,
,9.097334767566108e-06,,,,,22199,
1,,,9.097334441321436e-06,,0.011177237145602703,22199,
,9.093359258631208e-06,,,,,22249,
1,,,9.093359039979987e-06,,0.009741674177348614,22249,
,9.0893759378906e-06,,,,,22299,
1,,,9.089376362680923e-06,,0.012501257471740246,22299,
,9.085384813440567e-06,,,,,22349,
1,,,9.085384590434842e-06,,0.01250421442091465,22349,
,9.08138589339325e-06,,,,,22399,
1,,,9.081385542231146e-06,,0.010946996510028839,22399,
,9.077379185876647e-06,,,,,22449,
1,,,9.077379218069836e-06,,0.010868876241147518,22449,
,9.07336469903457e-06,,,,,22499,
1,,,9.07336470845621e-06,,0.011801309883594513,22499,
,9.069342441026653e-06,,,,,22549,
1,,,9.069342013390269e-06,,0.01123637892305851,22549,
,9.06531242002832e-06,,,,,22599,
1,,,9.065312042366713e-06,,0.010594031773507595,22599,
,9.061274644230777e-06,,,,,22649,
1,,,9.061274795385543e-06,,0.010266338475048542,22649,
,9.057229121840988e-06,,,,,22699,
1,,,9.057229362952057e-06,,0.011763464659452438,22699,
,9.053175861081666e-06,,,,,22749,
1,,,9.053175745066255e-06,,0.008904872462153435,22749,
,9.049114870191251e-06,,,,,22799,
1,,,9.04911485122284e-06,,0.00927100982517004,22799,
,9.045046157423895e-06,,,,,22849,
1,,,9.045045771927107e-06,,0.010600171983242035,22849,
,9.040969731049448e-06,,,,,22899,
1,,,9.040969416673761e-06,,0.011252441443502903,22899,
,9.03688559935343e-06,,,,,22949,
1,,,9.0368857854628e-06,,0.012042033486068249,22949,
,9.03279377063703e-06,,,,,22999,
1,,,9.032793968799524e-06,,0.011642185039818287,22999,
,9.028694253217082e-06,,,,,23049,
1,,,9.028693966683932e-06,,0.012333635240793228,23049,
,9.024587055426042e-06,,,,,23099,
1,,,9.024586688610725e-06,,0.010465015657246113,23099,
,9.020472185611981e-06,,,,,23149,
1,,,9.020472134579904e-06,,0.011234194971621037,23149,
,9.016349652138562e-06,,,,,23199,
1,,,9.016349395096768e-06,,0.010989496484398842,23199,
,9.012219463385025e-06,,,,,23249,
1,,,9.012219379656017e-06,,0.01151347067207098,23249,
,9.008081627746172e-06,,,,,23299,
1,,,9.00808117876295e-06,,0.011122708208858967,23299,
,9.003936153632343e-06,,,,,23349,
1,,,9.003935701912269e-06,,0.008736129850149155,23349,
,8.999783049469407e-06,,,,,23399,
1,,,8.999782949103974e-06,,0.009904867969453335,23399,
,8.995622323698741e-06,,,,,23449,
1,,,8.995622010843363e-06,,0.010925817303359509,23449,
,8.991453984777213e-06,,,,,23499,
1,,,8.991453796625137e-06,,0.011971197091042995,23499,
,8.987278041177164e-06,,,,,23549,
1,,,8.987278306449298e-06,,0.01018020510673523,23549,
,8.983094501386393e-06,,,,,23599,
1,,,8.983094630821142e-06,,0.011144447140395641,23599,
,8.97890337390814e-06,,,,,23649,
1,,,8.978903679235373e-06,,0.011861984618008137,23649,
,8.974704667261063e-06,,,,,23699,
1,,,8.974704542197287e-06,,0.01055250782519579,23699,
,8.97049838997923e-06,,,,,23749,
1,,,8.970498129201587e-06,,0.010601646266877651,23749,
,8.966284550612094e-06,,,,,23799,
1,,,8.966284440248273e-06,,0.011385907419025898,23799,
,8.962063157724478e-06,,,,,23849,
1,,,8.962063475337345e-06,,0.009282608516514301,23849,
,8.957834219896557e-06,,,,,23899,
1,,,8.957834324974101e-06,,0.01235620491206646,23899,
,8.953597745723848e-06,,,,,23949,
1,,,8.953597898653243e-06,,0.009970779530704021,23949,
,8.949353743817176e-06,,,,,23999,
1,,,8.94935419637477e-06,,0.013642273843288422,23999,
,8.945102222802673e-06,,,,,24049,
1,,,8.945102308643982e-06,,0.011711536906659603,24049,
,8.940843191321753e-06,,,,,24099,
1,,,8.94084314495558e-06,,0.010453931987285614,24099,
,8.936576658031094e-06,,,,,24149,
1,,,8.936576705309562e-06,,0.01221700944006443,24149,
,8.932302631602624e-06,,,,,24199,
1,,,8.932302989705931e-06,,0.011293894611299038,24199,
,8.928021120723499e-06,,,,,24249,
1,,,8.928021088649984e-06,,0.009324608370661736,24249,
,8.923732134096086e-06,,,,,24299,
1,,,8.923731911636423e-06,,0.01045304536819458,24299,
,8.91943568043795e-06,,,,,24349,
1,,,8.919435458665248e-06,,0.013162213377654552,24349,
,8.915131768481834e-06,,,,,24399,
1,,,8.915131729736459e-06,,0.009911679662764072,24399,
,8.910820406975639e-06,,,,,24449,
1,,,8.910820724850055e-06,,0.010701503604650497,24449,
,8.906501604682404e-06,,,,,24499,
1,,,8.906501534511335e-06,,0.009301463142037392,24499,
,8.902175370380295e-06,,,,,24549,
1,,,8.902175068215001e-06,,0.00984789989888668,24549,
,8.897841712862586e-06,,,,,24599,
1,,,8.897841325961053e-06,,0.010576892644166946,24599,
,8.893500640937634e-06,,,,,24649,
1,,,8.893500307749491e-06,,0.010746829211711884,24649,
,8.889152163428871e-06,,,,,24699,
1,,,8.889152013580315e-06,,0.012355602346360683,24699,
,8.884796289174776e-06,,,,,24749,
1,,,8.884796443453524e-06,,0.010935023427009583,24749,
,8.88043302702887e-06,,,,,24799,
1,,,8.880432687874418e-06,,0.012710300274193287,24799,
,8.87606238585968e-06,,,,,24849,
1,,,8.876062565832399e-06,,0.010687701404094696,24849,
,8.871684374550737e-06,,,,,24899,
1,,,8.871684258338064e-06,,0.01093596126884222,24899,
,8.867299002000558e-06,,,,,24949,
1,,,8.867298674886115e-06,,0.010984933003783226,24949,
,8.862906277122608e-06,,,,,24999,
1,,,8.862906724971253e-06,,0.011471177451312542,24999,
,8.85850620884531e-06,,,,,25049,
1,,,8.858506589604076e-06,,0.011091447435319424,25049,
,8.854098806112005e-06,,,,,25099,
1,,,8.854099178279284e-06,,0.0117499940097332,25099,
,8.849684077880938e-06,,,,,25149,
1,,,8.849684490996879e-06,,0.012177313677966595,25149,
,8.845262033125255e-06,,,,,25199,
1,,,8.845261618262157e-06,,0.011799677275121212,25199,
,8.840832680832966e-06,,,,,25249,
1,,,8.840832379064523e-06,,0.010476216673851013,25249,
,8.836396030006931e-06,,,,,25299,
1,,,8.836395863909274e-06,,0.010507824830710888,25299,
,8.831952089664851e-06,,,,,25349,
1,,,8.831952072796412e-06,,0.0120772710070014,25349,
,8.827500868839243e-06,,,,,25399,
1,,,8.827501005725935e-06,,0.011107919737696648,25399,
,8.823042376577414e-06,,,,,25449,
1,,,8.823042662697844e-06,,0.011839664541184902,25449,
,8.818576621941458e-06,,,,,25499,
1,,,8.818577043712139e-06,,0.011012973263859749,25499,
,8.81410361400823e-06,,,,,25549,
1,,,8.814103239274118e-06,,0.01103842630982399,25549,
,8.809623361869323e-06,,,,,25599,
1,,,8.809623068373185e-06,,0.010566896758973598,25599,
,8.80513587463106e-06,,,,,25649,
1,,,8.805135621514637e-06,,0.010072268545627594,25649,
,8.800641161414467e-06,,,,,25699,
1,,,8.800640898698475e-06,,0.011218944564461708,25699,
,8.796139231355252e-06,,,,,25749,
1,,,8.7961388999247e-06,,0.012534001842141151,25749,
,8.791630093603803e-06,,,,,25799,
1,,,8.79163053468801e-06,,0.011120980605483055,25799,
,8.787113757325143e-06,,,,,25849,
1,,,8.787113983999006e-06,,0.011175035499036312,25849,
,8.782590231698943e-06,,,,,25899,
1,,,8.782590157352388e-06,,0.011109954677522182,25899,
,8.778059525919473e-06,,,,,25949,
1,,,8.778059964242857e-06,,0.010148209519684315,25949,
,8.773521649195606e-06,,,,,25999,
1,,,8.77352158568101e-06,,0.011613068170845509,25999,
,8.768976610750782e-06,,,,,26049,
1,,,8.76897684065625e-06,,0.012056994251906872,26049,
,8.764424419823008e-06,,,,,26099,
1,,,8.764424819673877e-06,,0.01165795512497425,26099,
,8.759865085664818e-06,,,,,26149,
1,,,8.75986552273389e-06,,0.009806609712541103,26149,
,8.755298617543272e-06,,,,,26199,
1,,,8.755298949836288e-06,,0.01133009698241949,26199,
,8.750725024739927e-06,,,,,26249,
1,,,8.750725100981072e-06,,0.012174057774245739,26249,
,8.746144316550825e-06,,,,,26299,
1,,,8.746143976168241e-06,,0.011126424185931683,26299,
,8.741556502286463e-06,,,,,26349,
1,,,8.741556484892499e-06,,0.013304118998348713,26349,
,8.736961591271789e-06,,,,,26399,
1,,,8.736961717659142e-06,,0.010589643381536007,26399,
,8.732359592846174e-06,,,,,26449,
1,,,8.732359674468171e-06,,0.009227466769516468,26449,
,8.727750516363388e-06,,,,,26499,
1,,,8.727750355319586e-06,,0.01148243248462677,26499,
,8.723134371191597e-06,,,,,26549,
1,,,8.723134669708088e-06,,0.009185298345983028,26549,
,8.718511166713326e-06,,,,,26599,
1,,,8.718510798644274e-06,,0.009131054393947124,26599,
,8.713880912325457e-06,,,,,26649,
1,,,8.713880561117548e-06,,0.012409902177751064,26649,
,8.709243617439192e-06,,,,,26699,
1,,,8.70924395712791e-06,,0.01020069606602192,26699,
,8.704599291480051e-06,,,,,26749,
1,,,8.704599167685956e-06,,0.010564422234892845,26749,
,8.699947943887839e-06,,,,,26799,
1,,,8.699948011781089e-06,,0.009190374054014683,26799,
,8.695289584116637e-06,,,,,26849,
1,,,8.695289579918608e-06,,0.009636039845645428,26849,
,8.690624221634777e-06,,,,,26899,
1,,,8.690623872098513e-06,,0.011994428932666779,26899,
,8.685951865924823e-06,,,,,26949,
1,,,8.685951797815505e-06,,0.009879954159259796,26949,
,8.681272526483557e-06,,,,,26999,
1,,,8.681272447574884e-06,,0.010012542828917503,26999,
,8.67658621282195e-06,,,,,27049,
1,,,8.676585821376648e-06,,0.009069003164768219,27049,
,8.671892934465154e-06,,,,,27099,
1,,,8.6718928287155e-06,,0.010384718887507915,27099,
,8.667192700952473e-06,,,,,27149,
1,,,8.667192560096737e-06,,0.01066591776907444,27149,
,8.66248552183735e-06,,,,,27199,
1,,,8.662485925015062e-06,,0.0115180853754282,27199,
,8.657771406687346e-06,,,,,27249,
1,,,8.657771104481071e-06,,0.010138086043298244,27249,
,8.653050365084114e-06,,,,,27299,
1,,,8.653049917484168e-06,,0.01071329414844513,27299,
,8.648322406623394e-06,,,,,27349,
1,,,8.648322364024352e-06,,0.014179706573486328,27349,
,8.64358754091498e-06,,,,,27399,
1,,,8.643587534606922e-06,,0.011880062520503998,27399,
,8.638845777582706e-06,,,,,27449,
1,,,8.638845429231878e-06,,0.009513407945632935,27449,
,8.634097126264424e-06,,,,,27499,
1,,,8.634096957393922e-06,,0.010756312869489193,27499,
,8.629341596611987e-06,,,,,27549,
1,,,8.629341209598351e-06,,0.01073929388076067,27549,
,8.624579198291232e-06,,,,,27599,
1,,,8.624579095339868e-06,,0.01046999916434288,27599,
,8.619809940981954e-06,,,,,27649,
1,,,8.619809705123771e-06,,0.011444448493421078,27649,
,8.615033834377885e-06,,,,,27699,
1,,,8.615033948444761e-06,,0.010802514851093292,27699,
,8.61025088818669e-06,,,,,27749,
1,,,8.610250915808138e-06,,0.010681250132620335,27749,
,8.605461112129923e-06,,,,,27799,
1,,,8.605461516708601e-06,,0.011544528417289257,27799,
,8.600664515943027e-06,,,,,27849,
1,,,8.60066484165145e-06,,0.00931284949183464,27849,
,8.595861109375308e-06,,,,,27899,
1,,,8.595860890636686e-06,,0.011314514093101025,27899,
,8.59105090218991e-06,,,,,27949,
1,,,8.59105057315901e-06,,0.013017251156270504,27949,
,8.586233904163801e-06,,,,,27999,
1,,,8.58623388921842e-06,,0.010721223428845406,27999,
,8.581410125087757e-06,,,,,28049,
1,,,8.581409929320216e-06,,0.011678892187774181,28049,
,8.576579574766328e-06,,,,,28099,
1,,,8.5765796029591e-06,,0.011308952234685421,28099,
,8.571742263017836e-06,,,,,28149,
1,,,8.57174200064037e-06,,0.010717100463807583,28149,
,8.566898199674335e-06,,,,,28199,
1,,,8.566898031858727e-06,,0.010017669759690762,28199,
,8.562047394581612e-06,,,,,28249,
1,,,8.562047696614172e-06,,0.010480440221726894,28249,
,8.557189857599153e-06,,,,,28299,
1,,,8.557190085412003e-06,,0.008315064013004303,28299,
,8.552325598600125e-06,,,,,28349,
1,,,8.55232519825222e-06,,0.011834586039185524,28349,
,8.547454627471362e-06,,,,,28399,
1,,,8.547454854124226e-06,,0.01067228615283966,28399,
,8.542576954113337e-06,,,,,28449,
1,,,8.542577234038617e-06,,0.010718340054154396,28449,
,8.537692588440147e-06,,,,,28499,
1,,,8.537692337995395e-06,,0.009280483238399029,28499,
,8.532801540379494e-06,,,,,28549,
1,,,8.532801984983962e-06,,0.011982675641775131,28549,
,8.527903819872656e-06,,,,,28599,
1,,,8.527903446520213e-06,,0.011508389376103878,28599,
,8.522999436874478e-06,,,,,28649,
1,,,8.522999451088253e-06,,0.011580592952668667,28649,
,8.518088401353346e-06,,,,,28699,
1,,,8.51808817969868e-06,,0.011309143155813217,28699,
,8.513170723291167e-06,,,,,28749,
1,,,8.513170541846193e-06,,0.012732761912047863,28749,
,8.508246412683351e-06,,,,,28799,
1,,,8.508246537530795e-06,,0.010040841065347195,28799,
,8.503315479538785e-06,,,,,28849,
1,,,8.503315257257782e-06,,0.010344364680349827,28849,
,8.49837793387982e-06,,,,,28899,
1,,,8.498377610521857e-06,,0.01150816585868597,28899,
,8.493433785742247e-06,,,,,28949,
1,,,8.493433597323019e-06,,0.011818918399512768,28949,
,8.488483045175274e-06,,,,,28999,
1,,,8.488483217661269e-06,,0.01125449500977993,28999,
,8.483525722241512e-06,,,,,29049,
1,,,8.483525562041905e-06,,0.010804644785821438,29049,
,8.478561827016951e-06,,,,,29099,
1,,,8.478561539959628e-06,,0.011356755159795284,29099,
,8.473591369590933e-06,,,,,29149,
1,,,8.473591151414439e-06,,0.010266412980854511,29149,
,8.468614360066149e-06,,,,,29199,
1,,,8.468614396406338e-06,,0.011283463798463345,29199,
,8.463630808558598e-06,,,,,29249,
1,,,8.463630365440622e-06,,0.010936818085610867,29249,
,8.45864072519758e-06,,,,,29299,
1,,,8.458640877506696e-06,,0.011240464635193348,29299,
,8.453644120125669e-06,,,,,29349,
1,,,8.453644113615155e-06,,0.013139759190380573,29349,
,8.4486410034987e-06,,,,,29399,
1,,,8.448640983260702e-06,,0.009363469667732716,29399,
,8.443631385485736e-06,,,,,29449,
1,,,8.443631486443337e-06,,0.010032392106950283,29449,
,8.438615276269057e-06,,,,,29499,
1,,,8.43861562316306e-06,,0.010470329783856869,29499,
,8.43359268604414e-06,,,,,29549,
1,,,8.433592483925167e-06,,0.00969034992158413,29549,
,8.428563625019633e-06,,,,,29599,
1,,,8.428563887719065e-06,,0.010510041378438473,29599,
,8.423528103417332e-06,,,,,29649,
1,,,8.423528015555348e-06,,0.012042323127388954,29649,
,8.418486131472169e-06,,,,,29699,
1,,,8.418485776928719e-06,,0.010681371204555035,29699,
,8.413437719432187e-06,,,,,29749,
1,,,8.41343808133388e-06,,0.012821945361793041,29749,
,8.408382877558517e-06,,,,,29799,
1,,,8.408383109781425e-06,,0.01053551770746708,29799,
,8.403321616125356e-06,,,,,29849,
1,,,8.403321771766059e-06,,0.011558258906006813,29849,
,8.398253945419958e-06,,,,,29899,
1,,,8.39825406728778e-06,,0.011335782706737518,29899,
,8.393179875742594e-06,,,,,29949,
1,,,8.39317999634659e-06,,0.010504919104278088,29949,
,8.388099417406545e-06,,,,,29999,
1,,,8.388099558942486e-06,,0.011599103920161724,29999,
,8.383012580738083e-06,,,,,30049,
1,,,8.38301275507547e-06,,0.009415702894330025,30049,
,8.377919376076434e-06,,,,,30099,
1,,,8.377919584745541e-06,,0.011042912490665913,30099,
,8.372819813773776e-06,,,,,30149,
1,,,8.3728200479527e-06,,0.011058524250984192,30149,
,8.367713904195203e-06,,,,,30199,
1,,,8.367714144696947e-06,,0.011545087210834026,30199,
,8.362601657718711e-06,,,,,30249,
1,,,8.362601874978282e-06,,0.012595142237842083,30249,
,8.357483084735185e-06,,,,,30299,
1,,,8.357483238796704e-06,,0.008821690455079079,30299,
,8.352358195648355e-06,,,,,30349,
1,,,8.352358236152213e-06,,0.010065753944218159,30349,
,8.347227000874798e-06,,,,,30399,
1,,,8.34722686704481e-06,,0.010341251268982887,30399,
,8.342089510843903e-06,,,,,30449,
1,,,8.342089131474495e-06,,0.011394201777875423,30449,
,8.33694573599786e-06,,,,,30499,
1,,,8.336945938935969e-06,,0.010137160308659077,30499,
,8.331795686791627e-06,,,,,30549,
1,,,8.331795470439829e-06,,0.010039860382676125,30549,
,8.326639373692917e-06,,,,,30599,
1,,,8.326639544975478e-06,,0.011826046742498875,30599,
,8.321476807182177e-06,,,,,30649,
1,,,8.321477253048215e-06,,0.010812721215188503,30649,
,8.316307997752563e-06,,,,,30699,
1,,,8.316307685163338e-06,,0.009948152117431164,30699,
,8.311132955909919e-06,,,,,30749,
1,,,8.31113266031025e-06,,0.011059784330427647,30749,
,8.305951692172753e-06,,,,,30799,
1,,,8.30595126899425e-06,,0.012023420073091984,30799,
,8.30076421707223e-06,,,,,30849,
1,,,8.300764420710038e-06,,0.01201156061142683,30849,
,8.295570541152132e-06,,,,,30899,
1,,,8.295570296468213e-06,,0.01258279662579298,30899,
,8.290370674968842e-06,,,,,30949,
1,,,8.290370715258177e-06,,0.00976883340626955,30949,
,8.285164629091334e-06,,,,,30999,
1,,,8.285164767585229e-06,,0.010071142576634884,30999,
,8.279952414101134e-06,,,,,31049,
1,,,8.279952453449368e-06,,0.012036426924169064,31049,
,8.27473404059231e-06,,,,,31099,
1,,,8.274733772850595e-06,,0.01119844987988472,31099,
,8.26950951917145e-06,,,,,31149,
1,,,8.269509635283612e-06,,0.010643578134477139,31149,
,8.264278860457633e-06,,,,,31199,
1,,,8.264279131253716e-06,,0.010164781473577023,31199,
,8.259042075082418e-06,,,,,31249,
1,,,8.259042260760907e-06,,0.012102334760129452,31249,
,8.253799173689814e-06,,,,,31299,
1,,,8.253799023805186e-06,,0.009465193375945091,31299,
,8.24855016693626e-06,,,,,31349,
1,,,8.248550329881255e-06,,0.009767623618245125,31349,
,8.243295065490605e-06,,,,,31399,
1,,,8.24329526949441e-06,,0.010008986108005047,31399,
,8.238033880034083e-06,,,,,31449,
1,,,8.238033842644654e-06,,0.01116175390779972,31449,
,8.232766621260302e-06,,,,,31499,
1,,,8.232766958826687e-06,,0.011157386936247349,31499,
,8.227493299875208e-06,,,,,31549,
1,,,8.227493708545808e-06,,0.010929674841463566,31549,
,8.222213926597072e-06,,,,,31599,
1,,,8.222214091802016e-06,,0.011225104331970215,31599,
,8.216928512156462e-06,,,,,31649,
1,,,8.216928108595312e-06,,0.011196392588317394,31649,
,8.21163706729623e-06,,,,,31699,
1,,,8.211636668420397e-06,,0.011603725142776966,31699,
,8.206339602771481e-06,,,,,31749,
1,,,8.206339771277271e-06,,0.010997465811669827,31749,
,8.201036129349556e-06,,,,,31799,
1,,,8.201036507671233e-06,,0.01104937307536602,31799,
,8.195726657810015e-06,,,,,31849,
1,,,8.195726877602283e-06,,0.010677136480808258,31849,
,8.1904111989446e-06,,,,,31899,
1,,,8.19041088107042e-06,,0.012441600672900677,31899,
,8.185089763557233e-06,,,,,31949,
1,,,8.185089427570347e-06,,0.010038437321782112,31949,
,8.17976236246397e-06,,,,,31999,
1,,,8.179762517102063e-06,,0.012370486743748188,31999,
,8.174429006493007e-06,,,,,32049,
1,,,8.174429240170866e-06,,0.011406212113797665,32049,
,8.169089706484634e-06,,,,,32099,
1,,,8.169089596776757e-06,,0.011753328144550323,32099,
,8.163744473291228e-06,,,,,32149,
1,,,8.163744496414438e-06,,0.009671755135059357,32149,
,8.15839331777722e-06,,,,,32199,
1,,,8.158393029589206e-06,,0.010786160826683044,32199,
,8.153036250819081e-06,,,,,32249,
1,,,8.153036105795763e-06,,0.012648604810237885,32249,
,8.147673283305302e-06,,,,,32299,
1,,,8.14767372503411e-06,,0.010171041823923588,32299,
,8.142304426136361e-06,,,,,32349,
1,,,8.142304068314843e-06,,0.011664594523608685,32349,
,8.136929690224707e-06,,,,,32399,
1,,,8.136929864122067e-06,,0.012207371182739735,32399,
,8.131549086494741e-06,,,,,32449,
1,,,8.131549293466378e-06,,0.010958792641758919,32449,
,8.126162625882788e-06,,,,,32499,
1,,,8.126162356347777e-06,,0.009335756301879883,32499,
,8.120770319337083e-06,,,,,32549,
1,,,8.120769962260965e-06,,0.010691522620618343,32549,
,8.115372177817734e-06,,,,,32599,
1,,,8.115372111205943e-06,,0.011438325978815556,32599,
,8.109968212296715e-06,,,,,32649,
1,,,8.109967893688008e-06,,0.011095024645328522,32649,
,8.10455843375784e-06,,,,,32699,
1,,,8.104558219201863e-06,,0.01017751544713974,32699,
,8.099142853196726e-06,,,,,32749,
1,,,8.099143087747507e-06,,0.009901399724185467,32749,
,8.0937214816208e-06,,,,,32799,
1,,,8.093721589830238e-06,,0.010400116443634033,32799,
,8.088294330049246e-06,,,,,32849,
1,,,8.08829463494476e-06,,0.00999508984386921,32849,
,8.082861409513003e-06,,,,,32899,
1,,,8.082861313596368e-06,,0.010846640914678574,32899,
,8.077422731054731e-06,,,,,32949,
1,,,8.077422535279766e-06,,0.009606988169252872,32949,
,8.0719783057288e-06,,,,,32999,
1,,,8.071978299994953e-06,,0.009176901541650295,32999,
,8.066528144601255e-06,,,,,33049,
1,,,8.066527698247228e-06,,0.009986046701669693,33049,
,8.061072258749798e-06,,,,,33099,
1,,,8.061072549025994e-06,,0.010024799033999443,33099,
,8.055610659263773e-06,,,,,33149,
1,,,8.055611033341847e-06,,0.010362881235778332,33149,
,8.050143357244133e-06,,,,,33199,
1,,,8.050143151194789e-06,,0.010229152627289295,33199,
,8.044670363803423e-06,,,,,33249,
1,,,8.04467072157422e-06,,0.011064128950238228,33249,
,8.039191690065754e-06,,,,,33299,
1,,,8.03919192549074e-06,,0.009723108261823654,33299,
,8.033707347166787e-06,,,,,33349,
1,,,8.03370767243905e-06,,0.00864346418529749,33349,
,8.0282173462537e-06,,,,,33399,
1,,,8.028217052924447e-06,,0.010816925205290318,33399,
,8.022721698485175e-06,,,,,33449,
1,,,8.022721885936335e-06,,0.010920709930360317,33449,
,8.017220415031373e-06,,,,,33499,
1,,,8.01722035248531e-06,,0.011721335351467133,33499,
,8.011713507073904e-06,,,,,33549,
1,,,8.011713362066075e-06,,0.010641615837812424,33549,
,8.006200985805816e-06,,,,,33599,
1,,,8.00620091467863e-06,,0.009469613432884216,33599,
,8.000682862431563e-06,,,,,33649,
1,,,8.000683010322973e-06,,0.011287669651210308,33649,
,7.995159148166985e-06,,,,,33699,
1,,,7.995158739504404e-06,,0.011756368912756443,33699,
,7.989629854239288e-06,,,,,33749,
1,,,7.989629921212327e-06,,0.00880079809576273,33749,
,7.984094991887018e-06,,,,,33799,
1,,,7.984094736457337e-06,,0.0091103445738554,33799,
,7.978554572360042e-06,,,,,33849,
1,,,7.978555004228838e-06,,0.010078445076942444,33849,
,7.973008606919513e-06,,,,,33899,
1,,,7.973008905537426e-06,,0.010534537024796009,33899,
,7.96745710683787e-06,,,,,33949,
1,,,7.967457349877805e-06,,0.009453048929572105,33949,
,7.961900083398789e-06,,,,,33999,
1,,,7.961900337249972e-06,,0.010737629607319832,33999,
,7.956337547897177e-06,,,,,34049,
1,,,7.956337867653929e-06,,0.008510593324899673,34049,
,7.95076951163915e-06,,,,,34099,
1,,,7.950769941089675e-06,,0.010038175620138645,34099,
,7.945195985941995e-06,,,,,34149,
1,,,7.945195648062509e-06,,0.011636413633823395,34149,
,7.939616982134162e-06,,,,,34199,
1,,,7.939616807561833e-06,,0.009761451743543148,34199,
,7.934032511555237e-06,,,,,34249,
1,,,7.934032510092948e-06,,0.011606940999627113,34249,
,7.928442585555911e-06,,,,,34299,
1,,,7.928442755655851e-06,,0.0105562349781394,34299,
,7.922847215497972e-06,,,,,34349,
1,,,7.922847544250544e-06,,0.010394036769866943,34349,
,7.917246412754265e-06,,,,,34399,
1,,,7.917245966382325e-06,,0.010174999944865704,34399,
,7.911640188708685e-06,,,,,34449,
1,,,7.911639841040596e-06,,0.008858728222548962,34449,
,7.906028554756138e-06,,,,,34499,
1,,,7.906028258730657e-06,,0.009829118847846985,34499,
,7.900411522302533e-06,,,,,34549,
1,,,7.900411219452508e-06,,0.012051085010170937,34549,
,7.894789102764745e-06,,,,,34599,
1,,,7.894788723206148e-06,,0.009904218837618828,34599,
,7.889161307570608e-06,,,,,34649,
1,,,7.889161679486278e-06,,0.010763945989310741,34649,
,7.88352814815887e-06,,,,,34699,
1,,,7.883528269303497e-06,,0.010152073577046394,34699,
,7.877889635979192e-06,,,,,34749,
1,,,7.877889402152505e-06,,0.012369387783110142,34749,
,7.87224578249211e-06,,,,,34799,
1,,,7.872245987528004e-06,,0.01310043316334486,34799,
,7.866596599169019e-06,,,,,34849,
1,,,7.86659620644059e-06,,0.010065698996186256,34849,
,7.860942097492145e-06,,,,,34899,
1,,,7.860941877879668e-06,,0.011241982690989971,34899,
,7.855282288954524e-06,,,,,34949,
1,,,7.855282092350535e-06,,0.010014970786869526,34949,
,7.849617185059979e-06,,,,,34999,
1,,,7.849616849853192e-06,,0.01049369852989912,34999,
,7.843946797323098e-06,,,,,35049,
1,,,7.843947059882339e-06,,0.009923689067363739,35049,
,7.838271137269204e-06,,,,,35099,
1,,,7.838270903448574e-06,,0.013144253753125668,35099,
,7.83259021643434e-06,,,,,35149,
1,,,7.8325901995413e-06,,0.011164003983139992,35149,
,7.82690404636524e-06,,,,,35199,
1,,,7.826904038665816e-06,,0.010425728745758533,35199,
,7.82121263861931e-06,,,,,35249,
1,,,7.821212420822121e-06,,0.010734707117080688,35249,
,7.815516004764598e-06,,,,,35299,
1,,,7.815516255504917e-06,,0.009753778576850891,35299,
,7.80981415637978e-06,,,,,35349,
1,,,7.809813723724801e-06,,0.009951707907021046,35349,
,7.80410710505412e-06,,,,,35399,
1,,,7.804107553965878e-06,,0.013194344006478786,35399,
,7.79839486238747e-06,,,,,35449,
1,,,7.798395017744042e-06,,0.012224402278661728,35449,
,7.792677439990226e-06,,,,,35499,
1,,,7.792677024553996e-06,,0.009509803727269173,35499,
,7.786954849483313e-06,,,,,35549,
1,,,7.78695448389044e-06,,0.011633388698101044,35549,
,7.78122710249816e-06,,,,,35599,
1,,,7.781227395753376e-06,,0.008170031011104584,35599,
,7.775494210676683e-06,,,,,35649,
1,,,7.7754939411534e-06,,0.009021657519042492,35649,
,7.769756185671246e-06,,,,,35699,
1,,,7.769755939079914e-06,,0.011786684393882751,35699,
,7.76401303914465e-06,,,,,35749,
1,,,7.76401338953292e-06,,0.010131786577403545,35749,
,7.75826478277011e-06,,,,,35799,
1,,,7.758264473523013e-06,,0.012050933204591274,35799,
,7.75251142823122e-06,,,,,35849,
1,,,7.752511010039598e-06,,0.008544111624360085,35849,
,7.746752987221944e-06,,,,,35899,
1,,,7.746752999082673e-06,,0.009506012313067913,35899,
,7.740989471446574e-06,,,,,35949,
1,,,7.740989531157538e-06,,0.00948475580662489,35949,
,7.735220892619728e-06,,,,,35999,
1,,,7.735220606264193e-06,,0.010004441253840923,35999,
,7.729447262466306e-06,,,,,36049,
1,,,7.729447133897338e-06,,0.010207793675363064,36049,
,7.72366859272148e-06,,,,,36099,
1,,,7.723668204562273e-06,,0.009741229005157948,36099,
,7.717884895130665e-06,,,,,36149,
1,,,7.717884727753699e-06,,0.012086877599358559,36149,
,7.712096181449493e-06,,,,,36199,
1,,,7.712095793976914e-06,,0.010253887623548508,36199,
,7.706302463443792e-06,,,,,36249,
1,,,7.70630231272662e-06,,0.011712905950844288,36249,
,7.700503752889564e-06,,,,,36299,
1,,,7.700503374508116e-06,,0.010721984319388866,36299,
,7.694700061572957e-06,,,,,36349,
1,,,7.694699888816103e-06,,0.010632004588842392,36349,
,7.68889140129024e-06,,,,,36399,
1,,,7.688891855650581e-06,,0.011999041773378849,36399,
,7.683077783847786e-06,,,,,36449,
1,,,7.683077456022147e-06,,0.010213645175099373,36449,
,7.677259221062041e-06,,,,,36499,
1,,,7.677259418414906e-06,,0.010853382758796215,36499,
,7.671435724759503e-06,,,,,36549,
1,,,7.671435923839454e-06,,0.010758779011666775,36549,
,7.665607306776701e-06,,,,,36599,
1,,,7.665606972295791e-06,,0.010104418732225895,36599,
,7.659773978960159e-06,,,,,36649,
1,,,7.659774382773321e-06,,0.009846646338701248,36649,
,7.653935753166391e-06,,,,,36699,
1,,,7.653935426787939e-06,,0.010429407469928265,36699,
,7.648092641261858e-06,,,,,36749,
1,,,7.64809283282375e-06,,0.011026068590581417,36749,
,7.642244655122959e-06,,,,,36799,
1,,,7.64224478189135e-06,,0.010605220682919025,36799,
,7.636391806635992e-06,,,,,36849,
1,,,7.636392183485441e-06,,0.010929298587143421,36849,
,7.630534107697146e-06,,,,,36899,
1,,,7.630534128111321e-06,,0.009656873531639576,36899,
,7.624671570212465e-06,,,,,36949,
1,,,7.624671525263693e-06,,0.010390376672148705,36949,
,7.618804206097828e-06,,,,,36999,
1,,,7.618804374942556e-06,,0.010243791155517101,36999,
,7.612932027278924e-06,,,,,37049,
1,,,7.612932222400559e-06,,0.00990022998303175,37049,
,7.607055045691228e-06,,,,,37099,
1,,,7.6070550676377025e-06,,0.01233112346380949,37099,
,7.601173273279979e-06,,,,,37149,
1,,,7.601173365401337e-06,,0.011253890581429005,37149,
,7.595286722000148e-06,,,,,37199,
1,,,7.595286660944112e-06,,0.010474464856088161,37199,
,7.589395403816428e-06,,,,,37249,
1,,,7.5893954090133775e-06,,0.008828016929328442,37249,
,7.5834993307031926e-06,,,,,37299,
1,,,7.583499154861784e-06,,0.011451098136603832,37299,
,7.577598514644485e-06,,,,,37349,
1,,,7.577598353236681e-06,,0.011757385917007923,37349,
,7.571692967633987e-06,,,,,37399,
1,,,7.571693004138069e-06,,0.009792404249310493,37399,
,7.565782701674997e-06,,,,,37449,
1,,,7.565782652818598e-06,,0.010479447431862354,37449,
,7.559867728780402e-06,,,,,37499,
1,,,7.559867754025618e-06,,0.011593455448746681,37499,
,7.55394806097266e-06,,,,,37549,
1,,,7.553947853011778e-06,,0.010234333574771881,37549,
,7.5480237102837715e-06,,,,,37599,
1,,,7.54802385927178e-06,,0.010090494528412819,37599,
,7.542094688755251e-06,,,,,37649,
1,,,7.542094863310922e-06,,0.009724010713398457,37649,
,7.53616100843811e-06,,,,,37699,
1,,,7.5361608651292045e-06,,0.010432948358356953,37699,
,7.53022268139283e-06,,,,,37749,
1,,,7.530222774221329e-06,,0.01035221479833126,37749,
,7.524279719689335e-06,,,,,37799,
1,,,7.524279681092594e-06,,0.00900337565690279,37799,
,7.5183321354069696e-06,,,,,37849,
1,,,7.51833204049035e-06,,0.009738834574818611,37849,
,7.512379940634474e-06,,,,,37899,
1,,,7.512379852414597e-06,,0.010355355218052864,37899,
,7.506423147469961e-06,,,,,37949,
1,,,7.506423116865335e-06,,0.009713458828628063,37949,
,7.500461768020887e-06,,,,,37999,
1,,,7.500461833842564e-06,,0.009888778440654278,37999,
,7.494495814404034e-06,,,,,38049,
1,,,7.494496003346285e-06,,0.01125406939536333,38049,
,7.488525298745477e-06,,,,,38099,
1,,,7.488525170629146e-06,,0.011295738629996777,38099,
,7.482550233180567e-06,,,,,38149,
1,,,7.482550245185848e-06,,0.011875535361468792,38149,
,7.4765706298539005e-06,,,,,38199,
1,,,7.476570772269042e-06,,0.009871970862150192,38199,
,7.470586500919299e-06,,,,,38249,
1,,,7.470586297131376e-06,,0.010324067436158657,38249,
,7.464597858539781e-06,,,,,38299,
1,,,7.4645977292675525e-06,,0.00971736665815115,38299,
,7.458604714887541e-06,,,,,38349,
1,,,7.45860461393022e-06,,0.010013634338974953,38349,
,7.452607082143918e-06,,,,,38399,
1,,,7.452606951119378e-06,,0.010225288569927216,38399,
,7.446604972499382e-06,,,,,38449,
1,,,7.446605195582379e-06,,0.010448627173900604,38449,
,7.440598398153497e-06,,,,,38499,
1,,,7.440598437824519e-06,,0.009213513694703579,38499,
,7.434587371314904e-06,,,,,38549,
1,,,7.434587587340502e-06,,0.010539811104536057,38549,
,7.428571904201291e-06,,,,,38599,
1,,,7.428571734635625e-06,,0.010129858739674091,38599,
,7.4225520090393775e-06,,,,,38649,
1,,,7.42255178920459e-06,,0.010994470678269863,38649,
,7.416527698064879e-06,,,,,38699,
1,,,7.416527751047397e-06,,0.011075287126004696,38699,
,7.410498983522482e-06,,,,,38749,
1,,,7.410499165416695e-06,,0.011642529629170895,38749,
,7.404465877665833e-06,,,,,38799,
1,,,7.4044660323124845e-06,,0.012636194005608559,38799,
,7.398428392757496e-06,,,,,38849,
1,,,7.398428351734765e-06,,0.010413983836770058,38849,
,7.392386541068942e-06,,,,,38899,
1,,,7.392386578430887e-06,,0.010108226910233498,38899,
,7.38634033488051e-06,,,,,38949,
1,,,7.386340257653501e-06,,0.011822502128779888,38949,
,7.380289786481398e-06,,,,,38999,
1,,,7.3802898441499565e-06,,0.010579925961792469,38999,
,7.374234908169624e-06,,,,,39049,
1,,,7.374234883172903e-06,,0.011141774244606495,39049,
,7.368175712252009e-06,,,,,39099,
1,,,7.368175829469692e-06,,0.013769715093076229,39099,
,7.36211221104415e-06,,,,,39149,
1,,,7.362112228292972e-06,,0.009251999668776989,39149,
,7.356044416870391e-06,,,,,39199,
1,,,7.356044534390094e-06,,0.010173747316002846,39199,
,7.34997234206381e-06,,,,,39249,
1,,,7.349972293013707e-06,,0.011221400462090969,39249,
,7.343895998966176e-06,,,,,39299,
1,,,7.343895958911162e-06,,0.009761079214513302,39299,
,7.33781539992794e-06,,,,,39349,
1,,,7.337815532082459e-06,,0.009620347991585732,39349,
,7.331730557308198e-06,,,,,39399,
1,,,7.331730557780247e-06,,0.011161546222865582,39399,
,7.3256414834746786e-06,,,,,39449,
1,,,7.3256414907518774e-06,,0.011088919825851917,39449,
,7.319548190803705e-06,,,,,39499,
1,,,7.31954833099735e-06,,0.009601128287613392,39499,
,7.313450691680175e-06,,,,,39549,
1,,,7.313450623769313e-06,,0.010304637253284454,39549,
,7.307348998497542e-06,,,,,39599,
1,,,7.3073488238151185e-06,,0.009393954649567604,39599,
,7.301243123657775e-06,,,,,39649,
1,,,7.301242931134766e-06,,0.010815638117492199,39649,
,7.29513307957135e-06,,,,,39699,
1,,,7.2951329457282554e-06,,0.009397956542670727,39699,
,7.2890188786572155e-06,,,,,39749,
1,,,7.289018867595587e-06,,0.010182598605751991,39749,
,7.282900533342767e-06,,,,,39799,
1,,,7.2829006967367604e-06,,0.009078177623450756,39799,
,7.276778056063823e-06,,,,,39849,
1,,,7.276777978404425e-06,,0.011104898527264595,39849,
,7.270651459264605e-06,,,,,39899,
1,,,7.270651622093283e-06,,0.009163214825093746,39899,
,7.264520755397703e-06,,,,,39949,
1,,,7.264520718308631e-06,,0.010873950086534023,39949,
,7.258385956924058e-06,,,,,39999,
1,,,7.258386176545173e-06,,0.010260808281600475,39999,
,7.252247076312932e-06,,,,,40049,
1,,,7.252247087308206e-06,,0.010747382417321205,40049,
,7.246104126041882e-06,,,,,40099,
1,,,7.24610390534508e-06,,0.010381878353655338,40099,
,7.239957118596741e-06,,,,,40149,
1,,,7.239957085403148e-06,,0.012153642252087593,40149,
,7.2338060664715855e-06,,,,,40199,
1,,,7.233806172735058e-06,,0.011060635559260845,40199,
,7.227650982168714e-06,,,,,40249,
1,,,7.2276511673408095e-06,,0.009768366813659668,40249,
,7.2214918781986205e-06,,,,,40299,
1,,,7.221492069220403e-06,,0.00954382587224245,40299,
,7.21532876707997e-06,,,,,40349,
1,,,7.215328878373839e-06,,0.01017963606864214,40349,
,7.209161661339571e-06,,,,,40399,
1,,,7.209161594801117e-06,,0.010129275731742382,40399,
,7.20299057351235e-06,,,,,40449,
1,,,7.202990673249587e-06,,0.011123130097985268,40449,
,7.1968155161413285e-06,,,,,40499,
1,,,7.1968156589719e-06,,0.011125585995614529,40499,
,7.1906365017776e-06,,,,,40549,
1,,,7.190636551968055e-06,,0.011156265623867512,40549,
,7.184453542980294e-06,,,,,40599,
1,,,7.184453352238052e-06,,0.010417223908007145,40599,
,7.178266652316563e-06,,,,,40649,
1,,,7.178266514529241e-06,,0.009770921431481838,40649,
,7.172075842361548e-06,,,,,40699,
1,,,7.172076038841624e-06,,0.010243117809295654,40699,
,7.165881125698356e-06,,,,,40749,
1,,,7.1658810156804975e-06,,0.008780932985246181,40749,
,7.159682514918037e-06,,,,,40799,
1,,,7.159682354540564e-06,,0.010409076698124409,40799,
,7.153480022619554e-06,,,,,40849,
1,,,7.153480055421824e-06,,0.010206933133304119,40849,
,7.147273661409758e-06,,,,,40899,
1,,,7.147273663576925e-06,,0.008973360992968082,40899,
,7.141063443903369e-06,,,,,40949,
1,,,7.14106363375322e-06,,0.011276268400251865,40949,
,7.13484938272294e-06,,,,,40999,
1,,,7.134849511203356e-06,,0.009430860169231892,40999,
,7.1286314904988375e-06,,,,,41049,
1,,,7.128631295927335e-06,,0.011674195528030396,41049,
,7.1224097798692165e-06,,,,,41099,
1,,,7.122409897419857e-06,,0.009340571239590645,41099,
,7.116184263479992e-06,,,,,41149,
1,,,7.116184406186221e-06,,0.009569317102432251,41149,
,7.109954953984815e-06,,,,,41199,
1,,,7.1099548222264275e-06,,0.011287524364888668,41199,
,7.103721864045044e-06,,,,,41249,
1,,,7.103722055035178e-06,,0.008656053803861141,41249,
,7.097485006329724e-06,,,,,41299,
1,,,7.09748519511777e-06,,0.011493242345750332,41299,
,7.091244393515557e-06,,,,,41349,
1,,,7.091244242474204e-06,,0.010334367863833904,41349,
,7.085000038286876e-06,,,,,41399,
1,,,7.085000106599182e-06,,0.009708999656140804,41399,
,7.078751953335626e-06,,,,,41449,
1,,,7.078751877998002e-06,,0.010458393953740597,41449,
,7.0725001513613255e-06,,,,,41499,
1,,,7.072500011418015e-06,,0.009430160745978355,41499,
,7.066244645071053e-06,,,,,41549,
1,,,7.0662445068592206e-06,,0.009129698388278484,41549,
,7.059985447179414e-06,,,,,41599,
1,,,7.059985364321619e-06,,0.010252060368657112,41599,
,7.05372257040852e-06,,,,,41649,
1,,,7.053722583805211e-06,,0.009746533818542957,41649,
,7.047456027487958e-06,,,,,41699,
1,,,7.047456165309995e-06,,0.009418193250894547,41699,
,7.0411858311547635e-06,,,,,41749,
1,,,7.041185654088622e-06,,0.010951879434287548,41749,
,7.034911994153405e-06,,,,,41799,
1,,,7.034911959635792e-06,,0.009295533411204815,41799,
,7.028634529235744e-06,,,,,41849,
1,,,7.0286346272041555e-06,,0.010128159075975418,41849,
,7.022353449161019e-06,,,,,41899,
1,,,7.022353656793712e-06,,0.009723633527755737,41899,
,7.016068766695817e-06,,,,,41949,
1,,,7.01606859365711e-06,,0.010424377396702766,41949,
,7.009780494614047e-06,,,,,41999,
1,,,7.009780347289052e-06,,0.01166721060872078,41999,
,7.003488645696911e-06,,,,,42049,
1,,,7.003488462942187e-06,,0.010773614048957825,42049,
,6.997193232732886e-06,,,,,42099,
1,,,6.997193395363865e-06,,0.010789810679852962,42099,
,6.990894268517689e-06,,,,,42149,
1,,,6.990894235059386e-06,,0.008999856188893318,42149,
,6.984591765854255e-06,,,,,42199,
1,,,6.984591891523451e-06,,0.008135284297168255,42199,
,6.978285737552717e-06,,,,,42249,
1,,,6.978285910008708e-06,,0.011234709061682224,42249,
,6.971976196430365e-06,,,,,42299,
